Model,Accuracy,Precision,Recall,F1-Score
Enhanced_SVM,0.9932301740812379,0.989041095890411,0.9730458221024259,0.9809782608695652
Enhanced_GB,0.9912959381044487,0.9916434540389972,0.9595687331536388,0.9753424657534246
Baseline_SVM,0.9903288201160542,0.9943661971830986,0.9514824797843666,0.9724517906336089
Enhanced_LR,0.9903288201160542,0.9915966386554622,0.954177897574124,0.9725274725274725
Enhanced_RF,0.988394584139265,0.9915014164305949,0.9433962264150944,0.9668508287292817
Baseline_LR,0.9864603481624759,0.9942363112391931,0.9299191374663073,0.9610027855153204
Baseline_RF,0.9864603481624759,0.9698630136986301,0.954177897574124,0.9619565217391305
Baseline_GB,0.9753384912959381,0.9790419161676647,0.8814016172506739,0.9276595744680851
