Model,Accuracy,Precision,Recall,F1-Score
Enhanced_SVM,0.9937137330754352,0.994475138121547,0.9703504043126685,0.9822646657571623
Baseline_SVM,0.9903288201160542,0.9943661971830986,0.9514824797843666,0.9724517906336089
Enhanced_LR,0.9903288201160542,0.9915966386554622,0.954177897574124,0.9725274725274725
Enhanced_RF,0.9893617021276596,0.9943342776203966,0.9460916442048517,0.9696132596685083
Enhanced_GB,0.9893617021276596,0.988795518207283,0.9514824797843666,0.9697802197802198
Baseline_LR,0.9864603481624759,0.9942363112391931,0.9299191374663073,0.9610027855153204
Baseline_RF,0.9864603481624759,0.9698630136986301,0.954177897574124,0.9619565217391305
Baseline_GB,0.9753384912959381,0.9790419161676647,0.8814016172506739,0.9276595744680851
