Model,Accuracy,Precision,Recall,F1-Score
Enhanced_SVM,0.9927466150870407,0.989010989010989,0.9703504043126685,0.9795918367346939
Baseline_SVM,0.9903288201160542,0.9943661971830986,0.9514824797843666,0.9724517906336089
Enhanced_LR,0.9903288201160542,0.9915966386554622,0.954177897574124,0.9725274725274725
Enhanced_GB,0.9898452611218569,0.9834254143646409,0.9595687331536388,0.9713506139154161
Enhanced_RF,0.9888781431334622,0.9943181818181818,0.9433962264150944,0.9681881051175657
Baseline_LR,0.9864603481624759,0.9942363112391931,0.9299191374663073,0.9610027855153204
Baseline_RF,0.9864603481624759,0.9698630136986301,0.954177897574124,0.9619565217391305
Baseline_GB,0.9753384912959381,0.9790419161676647,0.8814016172506739,0.9276595744680851
